	timestamp	date	activity
0	2003-05-07 12:00:00	2003-05-07	0
1	2003-05-07 12:01:00	2003-05-07	143
2	2003-05-07 12:02:00	2003-05-07	0
3	2003-05-07 12:03:00	2003-05-07	20
4	2003-05-07 12:04:00	2003-05-07	166
5	2003-05-07 12:05:00	2003-05-07	160
6	2003-05-07 12:06:00	2003-05-07	17
7	2003-05-07 12:07:00	2003-05-07	646
8	2003-05-07 12:08:00	2003-05-07	978
9	2003-05-07 12:09:00	2003-05-07	306
10	2003-05-07 12:10:00	2003-05-07	277
11	2003-05-07 12:11:00	2003-05-07	439
12	2003-05-07 12:12:00	2003-05-07	130
13	2003-05-07 12:13:00	2003-05-07	32
14	2003-05-07 12:14:00	2003-05-07	184
15	2003-05-07 12:15:00	2003-05-07	454
16	2003-05-07 12:16:00	2003-05-07	783
17	2003-05-07 12:17:00	2003-05-07	386
18	2003-05-07 12:18:00	2003-05-07	306
19	2003-05-07 12:19:00	2003-05-07	120
20	2003-05-07 12:20:00	2003-05-07	268
21	2003-05-07 12:21:00	2003-05-07	268
22	2003-05-07 12:22:00	2003-05-07	204
23	2003-05-07 12:23:00	2003-05-07	485
24	2003-05-07 12:24:00	2003-05-07	485
25	2003-05-07 12:25:00	2003-05-07	328
26	2003-05-07 12:26:00	2003-05-07	61
27	2003-05-07 12:27:00	2003-05-07	172
28	2003-05-07 12:28:00	2003-05-07	1221
29	2003-05-07 12:29:00	2003-05-07	783
30	2003-05-07 12:30:00	2003-05-07	398
31	2003-05-07 12:31:00	2003-05-07	469
32	2003-05-07 12:32:00	2003-05-07	190
33	2003-05-07 12:33:00	2003-05-07	242
34	2003-05-07 12:34:00	2003-05-07	242
35	2003-05-07 12:35:00	2003-05-07	212
36	2003-05-07 12:36:00	2003-05-07	91
37	2003-05-07 12:37:00	2003-05-07	116
38	2003-05-07 12:38:00	2003-05-07	259
39	2003-05-07 12:39:00	2003-05-07	667
40	2003-05-07 12:40:00	2003-05-07	783
41	2003-05-07 12:41:00	2003-05-07	469
42	2003-05-07 12:42:00	2003-05-07	485
43	2003-05-07 12:43:00	2003-05-07	587
44	2003-05-07 12:44:00	2003-05-07	568
45	2003-05-07 12:45:00	2003-05-07	306
46	2003-05-07 12:46:00	2003-05-07	134
47	2003-05-07 12:47:00	2003-05-07	242
48	2003-05-07 12:48:00	2003-05-07	139
49	2003-05-07 12:49:00	2003-05-07	235
50	2003-05-07 12:50:00	2003-05-07	197
51	2003-05-07 12:51:00	2003-05-07	667
52	2003-05-07 12:52:00	2003-05-07	517
53	2003-05-07 12:53:00	2003-05-07	328
54	2003-05-07 12:54:00	2003-05-07	759
55	2003-05-07 12:55:00	2003-05-07	8
56	2003-05-07 12:56:00	2003-05-07	306
57	2003-05-07 12:57:00	2003-05-07	689
58	2003-05-07 12:58:00	2003-05-07	469
59	2003-05-07 12:59:00	2003-05-07	197
60	2003-05-07 13:00:00	2003-05-07	306
61	2003-05-07 13:01:00	2003-05-07	286
62	2003-05-07 13:02:00	2003-05-07	12
63	2003-05-07 13:03:00	2003-05-07	0
64	2003-05-07 13:04:00	2003-05-07	130
65	2003-05-07 13:05:00	2003-05-07	160
66	2003-05-07 13:06:00	2003-05-07	296
67	2003-05-07 13:07:00	2003-05-07	317
68	2003-05-07 13:08:00	2003-05-07	338
69	2003-05-07 13:09:00	2003-05-07	277
70	2003-05-07 13:10:00	2003-05-07	88
71	2003-05-07 13:11:00	2003-05-07	79
72	2003-05-07 13:12:00	2003-05-07	197
73	2003-05-07 13:13:00	2003-05-07	154
74	2003-05-07 13:14:00	2003-05-07	172
75	2003-05-07 13:15:00	2003-05-07	250
76	2003-05-07 13:16:00	2003-05-07	398
77	2003-05-07 13:17:00	2003-05-07	52
78	2003-05-07 13:18:00	2003-05-07	38
79	2003-05-07 13:19:00	2003-05-07	70
80	2003-05-07 13:20:00	2003-05-07	8
81	2003-05-07 13:21:00	2003-05-07	517
82	2003-05-07 13:22:00	2003-05-07	14
83	2003-05-07 13:23:00	2003-05-07	178
84	2003-05-07 13:24:00	2003-05-07	250
85	2003-05-07 13:25:00	2003-05-07	67
86	2003-05-07 13:26:00	2003-05-07	190
87	2003-05-07 13:27:00	2003-05-07	296
88	2003-05-07 13:28:00	2003-05-07	190
89	2003-05-07 13:29:00	2003-05-07	184
90	2003-05-07 13:30:00	2003-05-07	154
91	2003-05-07 13:31:00	2003-05-07	349
92	2003-05-07 13:32:00	2003-05-07	197
93	2003-05-07 13:33:00	2003-05-07	286
94	2003-05-07 13:34:00	2003-05-07	197
95	2003-05-07 13:35:00	2003-05-07	242
96	2003-05-07 13:36:00	2003-05-07	689
97	2003-05-07 13:37:00	2003-05-07	166
98	2003-05-07 13:38:00	2003-05-07	32
99	2003-05-07 13:39:00	2003-05-07	398
100	2003-05-07 13:40:00	2003-05-07	485
101	2003-05-07 13:41:00	2003-05-07	296
102	2003-05-07 13:42:00	2003-05-07	469
103	2003-05-07 13:43:00	2003-05-07	398
104	2003-05-07 13:44:00	2003-05-07	296
105	2003-05-07 13:45:00	2003-05-07	809
106	2003-05-07 13:46:00	2003-05-07	948
107	2003-05-07 13:47:00	2003-05-07	712
108	2003-05-07 13:48:00	2003-05-07	835
109	2003-05-07 13:49:00	2003-05-07	349
110	2003-05-07 13:50:00	2003-05-07	712
111	2003-05-07 13:51:00	2003-05-07	667
112	2003-05-07 13:52:00	2003-05-07	667
113	2003-05-07 13:53:00	2003-05-07	485
114	2003-05-07 13:54:00	2003-05-07	361
115	2003-05-07 13:55:00	2003-05-07	361
116	2003-05-07 13:56:00	2003-05-07	0
117	2003-05-07 13:57:00	2003-05-07	0
118	2003-05-07 13:58:00	2003-05-07	0
119	2003-05-07 13:59:00	2003-05-07	0
120	2003-05-07 14:00:00	2003-05-07	0
121	2003-05-07 14:01:00	2003-05-07	0
122	2003-05-07 14:02:00	2003-05-07	21
123	2003-05-07 14:03:00	2003-05-07	67
124	2003-05-07 14:04:00	2003-05-07	88
125	2003-05-07 14:05:00	2003-05-07	43
126	2003-05-07 14:06:00	2003-05-07	485
127	2003-05-07 14:07:00	2003-05-07	568
128	2003-05-07 14:08:00	2003-05-07	550
129	2003-05-07 14:09:00	2003-05-07	328
130	2003-05-07 14:10:00	2003-05-07	64
131	2003-05-07 14:11:00	2003-05-07	58
132	2003-05-07 14:12:00	2003-05-07	116
133	2003-05-07 14:13:00	2003-05-07	11
134	2003-05-07 14:14:00	2003-05-07	82
135	2003-05-07 14:15:00	2003-05-07	250
136	2003-05-07 14:16:00	2003-05-07	172
137	2003-05-07 14:17:00	2003-05-07	306
138	2003-05-07 14:18:00	2003-05-07	227
139	2003-05-07 14:19:00	2003-05-07	120
140	2003-05-07 14:20:00	2003-05-07	61
141	2003-05-07 14:21:00	2003-05-07	172
142	2003-05-07 14:22:00	2003-05-07	533
143	2003-05-07 14:23:00	2003-05-07	919
144	2003-05-07 14:24:00	2003-05-07	862
145	2003-05-07 14:25:00	2003-05-07	139
146	2003-05-07 14:26:00	2003-05-07	64
147	2003-05-07 14:27:00	2003-05-07	58
148	2003-05-07 14:28:00	2003-05-07	373
149	2003-05-07 14:29:00	2003-05-07	469
150	2003-05-07 14:30:00	2003-05-07	286
151	2003-05-07 14:31:00	2003-05-07	98
152	2003-05-07 14:32:00	2003-05-07	120
153	2003-05-07 14:33:00	2003-05-07	134
154	2003-05-07 14:34:00	2003-05-07	550
155	2003-05-07 14:35:00	2003-05-07	411
156	2003-05-07 14:36:00	2003-05-07	0
157	2003-05-07 14:37:00	2003-05-07	0
158	2003-05-07 14:38:00	2003-05-07	73
159	2003-05-07 14:39:00	2003-05-07	0
160	2003-05-07 14:40:00	2003-05-07	1146
161	2003-05-07 14:41:00	2003-05-07	1010
162	2003-05-07 14:42:00	2003-05-07	689
163	2003-05-07 14:43:00	2003-05-07	268
164	2003-05-07 14:44:00	2003-05-07	454
165	2003-05-07 14:45:00	2003-05-07	44
166	2003-05-07 14:46:00	2003-05-07	204
167	2003-05-07 14:47:00	2003-05-07	0
168	2003-05-07 14:48:00	2003-05-07	349
169	2003-05-07 14:49:00	2003-05-07	500
170	2003-05-07 14:50:00	2003-05-07	268
171	2003-05-07 14:51:00	2003-05-07	626
172	2003-05-07 14:52:00	2003-05-07	38
173	2003-05-07 14:53:00	2003-05-07	533
174	2003-05-07 14:54:00	2003-05-07	469
175	2003-05-07 14:55:00	2003-05-07	361
176	2003-05-07 14:56:00	2003-05-07	425
177	2003-05-07 14:57:00	2003-05-07	306
178	2003-05-07 14:58:00	2003-05-07	148
179	2003-05-07 14:59:00	2003-05-07	35
180	2003-05-07 15:00:00	2003-05-07	38
181	2003-05-07 15:01:00	2003-05-07	85
182	2003-05-07 15:02:00	2003-05-07	0
183	2003-05-07 15:03:00	2003-05-07	38
184	2003-05-07 15:04:00	2003-05-07	52
185	2003-05-07 15:05:00	2003-05-07	49
186	2003-05-07 15:06:00	2003-05-07	338
187	2003-05-07 15:07:00	2003-05-07	52
188	2003-05-07 15:08:00	2003-05-07	70
189	2003-05-07 15:09:00	2003-05-07	0
190	2003-05-07 15:10:00	2003-05-07	0
191	2003-05-07 15:11:00	2003-05-07	500
192	2003-05-07 15:12:00	2003-05-07	517
193	2003-05-07 15:13:00	2003-05-07	533
194	2003-05-07 15:14:00	2003-05-07	411
195	2003-05-07 15:15:00	2003-05-07	286
196	2003-05-07 15:16:00	2003-05-07	646
197	2003-05-07 15:17:00	2003-05-07	712
198	2003-05-07 15:18:00	2003-05-07	1341
199	2003-05-07 15:19:00	2003-05-07	1570
200	2003-05-07 15:20:00	2003-05-07	306
201	2003-05-07 15:21:00	2003-05-07	154
202	2003-05-07 15:22:00	2003-05-07	116
203	2003-05-07 15:23:00	2003-05-07	411
204	2003-05-07 15:24:00	2003-05-07	82
205	2003-05-07 15:25:00	2003-05-07	250
206	2003-05-07 15:26:00	2003-05-07	120
207	2003-05-07 15:27:00	2003-05-07	306
208	2003-05-07 15:28:00	2003-05-07	73
209	2003-05-07 15:29:00	2003-05-07	17
210	2003-05-07 15:30:00	2003-05-07	259
211	2003-05-07 15:31:00	2003-05-07	349
212	2003-05-07 15:32:00	2003-05-07	111
213	2003-05-07 15:33:00	2003-05-07	178
214	2003-05-07 15:34:00	2003-05-07	219
215	2003-05-07 15:35:00	2003-05-07	277
216	2003-05-07 15:36:00	2003-05-07	349
217	2003-05-07 15:37:00	2003-05-07	277
218	2003-05-07 15:38:00	2003-05-07	116
219	2003-05-07 15:39:00	2003-05-07	0
220	2003-05-07 15:40:00	2003-05-07	517
221	2003-05-07 15:41:00	2003-05-07	0
222	2003-05-07 15:42:00	2003-05-07	52
223	2003-05-07 15:43:00	2003-05-07	0
224	2003-05-07 15:44:00	2003-05-07	12
225	2003-05-07 15:45:00	2003-05-07	11
226	2003-05-07 15:46:00	2003-05-07	0
227	2003-05-07 15:47:00	2003-05-07	24
228	2003-05-07 15:48:00	2003-05-07	139
229	2003-05-07 15:49:00	2003-05-07	143
230	2003-05-07 15:50:00	2003-05-07	0
231	2003-05-07 15:51:00	2003-05-07	587
232	2003-05-07 15:52:00	2003-05-07	64
233	2003-05-07 15:53:00	2003-05-07	116
234	2003-05-07 15:54:00	2003-05-07	14
235	2003-05-07 15:55:00	2003-05-07	8
236	2003-05-07 15:56:00	2003-05-07	134
237	2003-05-07 15:57:00	2003-05-07	14
238	2003-05-07 15:58:00	2003-05-07	23
239	2003-05-07 15:59:00	2003-05-07	61
240	2003-05-07 16:00:00	2003-05-07	15
241	2003-05-07 16:01:00	2003-05-07	0
242	2003-05-07 16:02:00	2003-05-07	0
243	2003-05-07 16:03:00	2003-05-07	646
244	2003-05-07 16:04:00	2003-05-07	587
245	2003-05-07 16:05:00	2003-05-07	439
246	2003-05-07 16:06:00	2003-05-07	197
247	2003-05-07 16:07:00	2003-05-07	425
248	2003-05-07 16:08:00	2003-05-07	361
249	2003-05-07 16:09:00	2003-05-07	338
250	2003-05-07 16:10:00	2003-05-07	338
251	2003-05-07 16:11:00	2003-05-07	306
252	2003-05-07 16:12:00	2003-05-07	98
253	2003-05-07 16:13:00	2003-05-07	32
254	2003-05-07 16:14:00	2003-05-07	160
255	2003-05-07 16:15:00	2003-05-07	306
256	2003-05-07 16:16:00	2003-05-07	250
257	2003-05-07 16:17:00	2003-05-07	0
258	2003-05-07 16:18:00	2003-05-07	55
259	2003-05-07 16:19:00	2003-05-07	107
260	2003-05-07 16:20:00	2003-05-07	35
261	2003-05-07 16:21:00	2003-05-07	52
262	2003-05-07 16:22:00	2003-05-07	0
263	2003-05-07 16:23:00	2003-05-07	32
264	2003-05-07 16:24:00	2003-05-07	227
265	2003-05-07 16:25:00	2003-05-07	411
266	2003-05-07 16:26:00	2003-05-07	517
267	2003-05-07 16:27:00	2003-05-07	439
268	2003-05-07 16:28:00	2003-05-07	317
269	2003-05-07 16:29:00	2003-05-07	242
270	2003-05-07 16:30:00	2003-05-07	317
271	2003-05-07 16:31:00	2003-05-07	130
272	2003-05-07 16:32:00	2003-05-07	0
273	2003-05-07 16:33:00	2003-05-07	79
274	2003-05-07 16:34:00	2003-05-07	0
275	2003-05-07 16:35:00	2003-05-07	38
276	2003-05-07 16:36:00	2003-05-07	143
277	2003-05-07 16:37:00	2003-05-07	190
278	2003-05-07 16:38:00	2003-05-07	12
279	2003-05-07 16:39:00	2003-05-07	70
280	2003-05-07 16:40:00	2003-05-07	70
281	2003-05-07 16:41:00	2003-05-07	386
282	2003-05-07 16:42:00	2003-05-07	197
283	2003-05-07 16:43:00	2003-05-07	9
284	2003-05-07 16:44:00	2003-05-07	0
285	2003-05-07 16:45:00	2003-05-07	411
286	2003-05-07 16:46:00	2003-05-07	759
287	2003-05-07 16:47:00	2003-05-07	259
288	2003-05-07 16:48:00	2003-05-07	1111
289	2003-05-07 16:49:00	2003-05-07	1182
290	2003-05-07 16:50:00	2003-05-07	890
291	2003-05-07 16:51:00	2003-05-07	500
292	2003-05-07 16:52:00	2003-05-07	328
293	2003-05-07 16:53:00	2003-05-07	38
294	2003-05-07 16:54:00	2003-05-07	0
295	2003-05-07 16:55:00	2003-05-07	76
296	2003-05-07 16:56:00	2003-05-07	166
297	2003-05-07 16:57:00	2003-05-07	8
298	2003-05-07 16:58:00	2003-05-07	0
299	2003-05-07 16:59:00	2003-05-07	12
300	2003-05-07 17:00:00	2003-05-07	306
301	2003-05-07 17:01:00	2003-05-07	286
302	2003-05-07 17:02:00	2003-05-07	809
303	2003-05-07 17:03:00	2003-05-07	61
304	2003-05-07 17:04:00	2003-05-07	212
305	2003-05-07 17:05:00	2003-05-07	154
306	2003-05-07 17:06:00	2003-05-07	373
307	2003-05-07 17:07:00	2003-05-07	783
308	2003-05-07 17:08:00	2003-05-07	550
309	2003-05-07 17:09:00	2003-05-07	485
310	2003-05-07 17:10:00	2003-05-07	219
311	2003-05-07 17:11:00	2003-05-07	306
312	2003-05-07 17:12:00	2003-05-07	386
313	2003-05-07 17:13:00	2003-05-07	64
314	2003-05-07 17:14:00	2003-05-07	20
315	2003-05-07 17:15:00	2003-05-07	8
316	2003-05-07 17:16:00	2003-05-07	0
317	2003-05-07 17:17:00	2003-05-07	58
318	2003-05-07 17:18:00	2003-05-07	317
319	2003-05-07 17:19:00	2003-05-07	500
320	2003-05-07 17:20:00	2003-05-07	134
321	2003-05-07 17:21:00	2003-05-07	469
322	2003-05-07 17:22:00	2003-05-07	0
323	2003-05-07 17:23:00	2003-05-07	52
324	2003-05-07 17:24:00	2003-05-07	485
325	2003-05-07 17:25:00	2003-05-07	242
326	2003-05-07 17:26:00	2003-05-07	8
327	2003-05-07 17:27:00	2003-05-07	52
328	2003-05-07 17:28:00	2003-05-07	20
329	2003-05-07 17:29:00	2003-05-07	130
330	2003-05-07 17:30:00	2003-05-07	178
331	2003-05-07 17:31:00	2003-05-07	3
332	2003-05-07 17:32:00	2003-05-07	469
333	2003-05-07 17:33:00	2003-05-07	98
334	2003-05-07 17:34:00	2003-05-07	386
335	2003-05-07 17:35:00	2003-05-07	533
336	2003-05-07 17:36:00	2003-05-07	204
337	2003-05-07 17:37:00	2003-05-07	61
338	2003-05-07 17:38:00	2003-05-07	44
339	2003-05-07 17:39:00	2003-05-07	286
340	2003-05-07 17:40:00	2003-05-07	40
341	2003-05-07 17:41:00	2003-05-07	227
342	2003-05-07 17:42:00	2003-05-07	52
343	2003-05-07 17:43:00	2003-05-07	154
344	2003-05-07 17:44:00	2003-05-07	107
345	2003-05-07 17:45:00	2003-05-07	32
346	2003-05-07 17:46:00	2003-05-07	49
347	2003-05-07 17:47:00	2003-05-07	277
348	2003-05-07 17:48:00	2003-05-07	88
349	2003-05-07 17:49:00	2003-05-07	148
350	2003-05-07 17:50:00	2003-05-07	91
351	2003-05-07 17:51:00	2003-05-07	41
352	2003-05-07 17:52:00	2003-05-07	0
353	2003-05-07 17:53:00	2003-05-07	425
354	2003-05-07 17:54:00	2003-05-07	306
355	2003-05-07 17:55:00	2003-05-07	212
356	2003-05-07 17:56:00	2003-05-07	268
357	2003-05-07 17:57:00	2003-05-07	35
358	2003-05-07 17:58:00	2003-05-07	134
359	2003-05-07 17:59:00	2003-05-07	154
360	2003-05-07 18:00:00	2003-05-07	166
361	2003-05-07 18:01:00	2003-05-07	0
362	2003-05-07 18:02:00	2003-05-07	349
363	2003-05-07 18:03:00	2003-05-07	148
364	2003-05-07 18:04:00	2003-05-07	439
365	2003-05-07 18:05:00	2003-05-07	134
366	2003-05-07 18:06:00	2003-05-07	386
367	2003-05-07 18:07:00	2003-05-07	250
368	2003-05-07 18:08:00	2003-05-07	219
369	2003-05-07 18:09:00	2003-05-07	32
370	2003-05-07 18:10:00	2003-05-07	52
371	2003-05-07 18:11:00	2003-05-07	58
372	2003-05-07 18:12:00	2003-05-07	102
373	2003-05-07 18:13:00	2003-05-07	172
374	2003-05-07 18:14:00	2003-05-07	102
375	2003-05-07 18:15:00	2003-05-07	568
376	2003-05-07 18:16:00	2003-05-07	734
377	2003-05-07 18:17:00	2003-05-07	439
378	2003-05-07 18:18:00	2003-05-07	689
379	2003-05-07 18:19:00	2003-05-07	91
380	2003-05-07 18:20:00	2003-05-07	26
381	2003-05-07 18:21:00	2003-05-07	116
382	2003-05-07 18:22:00	2003-05-07	197
383	2003-05-07 18:23:00	2003-05-07	11
384	2003-05-07 18:24:00	2003-05-07	134
385	2003-05-07 18:25:00	2003-05-07	79
386	2003-05-07 18:26:00	2003-05-07	34
387	2003-05-07 18:27:00	2003-05-07	88
388	2003-05-07 18:28:00	2003-05-07	85
389	2003-05-07 18:29:00	2003-05-07	184
390	2003-05-07 18:30:00	2003-05-07	73
391	2003-05-07 18:31:00	2003-05-07	143
392	2003-05-07 18:32:00	2003-05-07	517
393	2003-05-07 18:33:00	2003-05-07	14
394	2003-05-07 18:34:00	2003-05-07	0
395	2003-05-07 18:35:00	2003-05-07	70
396	2003-05-07 18:36:00	2003-05-07	0
397	2003-05-07 18:37:00	2003-05-07	0
398	2003-05-07 18:38:00	2003-05-07	3
399	2003-05-07 18:39:00	2003-05-07	0
400	2003-05-07 18:40:00	2003-05-07	26
401	2003-05-07 18:41:00	2003-05-07	34
402	2003-05-07 18:42:00	2003-05-07	0
403	2003-05-07 18:43:00	2003-05-07	0
404	2003-05-07 18:44:00	2003-05-07	0
405	2003-05-07 18:45:00	2003-05-07	24
406	2003-05-07 18:46:00	2003-05-07	79
407	2003-05-07 18:47:00	2003-05-07	26
408	2003-05-07 18:48:00	2003-05-07	0
409	2003-05-07 18:49:00	2003-05-07	0
410	2003-05-07 18:50:00	2003-05-07	0
411	2003-05-07 18:51:00	2003-05-07	18
412	2003-05-07 18:52:00	2003-05-07	76
413	2003-05-07 18:53:00	2003-05-07	91
414	2003-05-07 18:54:00	2003-05-07	94
415	2003-05-07 18:55:00	2003-05-07	9
416	2003-05-07 18:56:00	2003-05-07	134
417	2003-05-07 18:57:00	2003-05-07	49
418	2003-05-07 18:58:00	2003-05-07	11
419	2003-05-07 18:59:00	2003-05-07	172
420	2003-05-07 19:00:00	2003-05-07	500
421	2003-05-07 19:01:00	2003-05-07	58
422	2003-05-07 19:02:00	2003-05-07	46
423	2003-05-07 19:03:00	2003-05-07	30
424	2003-05-07 19:04:00	2003-05-07	286
425	2003-05-07 19:05:00	2003-05-07	373
426	2003-05-07 19:06:00	2003-05-07	55
427	2003-05-07 19:07:00	2003-05-07	6
428	2003-05-07 19:08:00	2003-05-07	61
429	2003-05-07 19:09:00	2003-05-07	40
430	2003-05-07 19:10:00	2003-05-07	107
431	2003-05-07 19:11:00	2003-05-07	64
432	2003-05-07 19:12:00	2003-05-07	3
433	2003-05-07 19:13:00	2003-05-07	21
434	2003-05-07 19:14:00	2003-05-07	102
435	2003-05-07 19:15:00	2003-05-07	15
436	2003-05-07 19:16:00	2003-05-07	12
437	2003-05-07 19:17:00	2003-05-07	34
438	2003-05-07 19:18:00	2003-05-07	0
439	2003-05-07 19:19:00	2003-05-07	15
440	2003-05-07 19:20:00	2003-05-07	0
441	2003-05-07 19:21:00	2003-05-07	44
442	2003-05-07 19:22:00	2003-05-07	85
443	2003-05-07 19:23:00	2003-05-07	49
444	2003-05-07 19:24:00	2003-05-07	24
445	2003-05-07 19:25:00	2003-05-07	0
446	2003-05-07 19:26:00	2003-05-07	20
447	2003-05-07 19:27:00	2003-05-07	47
448	2003-05-07 19:28:00	2003-05-07	91
449	2003-05-07 19:29:00	2003-05-07	91
450	2003-05-07 19:30:00	2003-05-07	61
451	2003-05-07 19:31:00	2003-05-07	0
452	2003-05-07 19:32:00	2003-05-07	67
453	2003-05-07 19:33:00	2003-05-07	30
454	2003-05-07 19:34:00	2003-05-07	0
455	2003-05-07 19:35:00	2003-05-07	3
456	2003-05-07 19:36:00	2003-05-07	0
457	2003-05-07 19:37:00	2003-05-07	148
458	2003-05-07 19:38:00	2003-05-07	0
459	2003-05-07 19:39:00	2003-05-07	12
460	2003-05-07 19:40:00	2003-05-07	0
461	2003-05-07 19:41:00	2003-05-07	46
462	2003-05-07 19:42:00	2003-05-07	160
463	2003-05-07 19:43:00	2003-05-07	40
464	2003-05-07 19:44:00	2003-05-07	154
465	2003-05-07 19:45:00	2003-05-07	190
466	2003-05-07 19:46:00	2003-05-07	0
467	2003-05-07 19:47:00	2003-05-07	0
468	2003-05-07 19:48:00	2003-05-07	23
469	2003-05-07 19:49:00	2003-05-07	0
470	2003-05-07 19:50:00	2003-05-07	76
471	2003-05-07 19:51:00	2003-05-07	29
472	2003-05-07 19:52:00	2003-05-07	160
473	2003-05-07 19:53:00	2003-05-07	34
474	2003-05-07 19:54:00	2003-05-07	98
475	2003-05-07 19:55:00	2003-05-07	0
476	2003-05-07 19:56:00	2003-05-07	18
477	2003-05-07 19:57:00	2003-05-07	0
478	2003-05-07 19:58:00	2003-05-07	0
479	2003-05-07 19:59:00	2003-05-07	0
480	2003-05-07 20:00:00	2003-05-07	0
481	2003-05-07 20:01:00	2003-05-07	73
482	2003-05-07 20:02:00	2003-05-07	21
483	2003-05-07 20:03:00	2003-05-07	82
484	2003-05-07 20:04:00	2003-05-07	55
485	2003-05-07 20:05:00	2003-05-07	9
486	2003-05-07 20:06:00	2003-05-07	0
487	2003-05-07 20:07:00	2003-05-07	9
488	2003-05-07 20:08:00	2003-05-07	38
489	2003-05-07 20:09:00	2003-05-07	34
490	2003-05-07 20:10:00	2003-05-07	37
491	2003-05-07 20:11:00	2003-05-07	190
492	2003-05-07 20:12:00	2003-05-07	58
493	2003-05-07 20:13:00	2003-05-07	0
494	2003-05-07 20:14:00	2003-05-07	3
495	2003-05-07 20:15:00	2003-05-07	102
496	2003-05-07 20:16:00	2003-05-07	18
497	2003-05-07 20:17:00	2003-05-07	40
498	2003-05-07 20:18:00	2003-05-07	21
499	2003-05-07 20:19:00	2003-05-07	296
500	2003-05-07 20:20:00	2003-05-07	34
501	2003-05-07 20:21:00	2003-05-07	0
502	2003-05-07 20:22:00	2003-05-07	0
503	2003-05-07 20:23:00	2003-05-07	197
504	2003-05-07 20:24:00	2003-05-07	398
505	2003-05-07 20:25:00	2003-05-07	373
506	2003-05-07 20:26:00	2003-05-07	485
507	2003-05-07 20:27:00	2003-05-07	107
508	2003-05-07 20:28:00	2003-05-07	76
509	2003-05-07 20:29:00	2003-05-07	55
510	2003-05-07 20:30:00	2003-05-07	125
511	2003-05-07 20:31:00	2003-05-07	76
512	2003-05-07 20:32:00	2003-05-07	27
513	2003-05-07 20:33:00	2003-05-07	5
514	2003-05-07 20:34:00	2003-05-07	14
515	2003-05-07 20:35:00	2003-05-07	242
516	2003-05-07 20:36:00	2003-05-07	61
517	2003-05-07 20:37:00	2003-05-07	160
518	2003-05-07 20:38:00	2003-05-07	49
519	2003-05-07 20:39:00	2003-05-07	190
520	2003-05-07 20:40:00	2003-05-07	154
521	2003-05-07 20:41:00	2003-05-07	55
522	2003-05-07 20:42:00	2003-05-07	14
523	2003-05-07 20:43:00	2003-05-07	24
524	2003-05-07 20:44:00	2003-05-07	46
525	2003-05-07 20:45:00	2003-05-07	0
526	2003-05-07 20:46:00	2003-05-07	64
527	2003-05-07 20:47:00	2003-05-07	55
528	2003-05-07 20:48:00	2003-05-07	111
529	2003-05-07 20:49:00	2003-05-07	102
530	2003-05-07 20:50:00	2003-05-07	116
531	2003-05-07 20:51:00	2003-05-07	94
532	2003-05-07 20:52:00	2003-05-07	0
533	2003-05-07 20:53:00	2003-05-07	197
534	2003-05-07 20:54:00	2003-05-07	130
535	2003-05-07 20:55:00	2003-05-07	296
536	2003-05-07 20:56:00	2003-05-07	166
537	2003-05-07 20:57:00	2003-05-07	166
538	2003-05-07 20:58:00	2003-05-07	197
539	2003-05-07 20:59:00	2003-05-07	250
540	2003-05-07 21:00:00	2003-05-07	212
541	2003-05-07 21:01:00	2003-05-07	212
542	2003-05-07 21:02:00	2003-05-07	17
543	2003-05-07 21:03:00	2003-05-07	38
544	2003-05-07 21:04:00	2003-05-07	82
545	2003-05-07 21:05:00	2003-05-07	14
546	2003-05-07 21:06:00	2003-05-07	5
547	2003-05-07 21:07:00	2003-05-07	9
548	2003-05-07 21:08:00	2003-05-07	0
549	2003-05-07 21:09:00	2003-05-07	0
550	2003-05-07 21:10:00	2003-05-07	0
551	2003-05-07 21:11:00	2003-05-07	0
552	2003-05-07 21:12:00	2003-05-07	120
553	2003-05-07 21:13:00	2003-05-07	178
554	2003-05-07 21:14:00	2003-05-07	73
555	2003-05-07 21:15:00	2003-05-07	21
556	2003-05-07 21:16:00	2003-05-07	0
557	2003-05-07 21:17:00	2003-05-07	111
558	2003-05-07 21:18:00	2003-05-07	20
559	2003-05-07 21:19:00	2003-05-07	0
560	2003-05-07 21:20:00	2003-05-07	9
561	2003-05-07 21:21:00	2003-05-07	0
562	2003-05-07 21:22:00	2003-05-07	0
563	2003-05-07 21:23:00	2003-05-07	3
564	2003-05-07 21:24:00	2003-05-07	0
565	2003-05-07 21:25:00	2003-05-07	58
566	2003-05-07 21:26:00	2003-05-07	85
567	2003-05-07 21:27:00	2003-05-07	0
568	2003-05-07 21:28:00	2003-05-07	0
569	2003-05-07 21:29:00	2003-05-07	0
570	2003-05-07 21:30:00	2003-05-07	0
571	2003-05-07 21:31:00	2003-05-07	0
572	2003-05-07 21:32:00	2003-05-07	79
573	2003-05-07 21:33:00	2003-05-07	26
574	2003-05-07 21:34:00	2003-05-07	107
575	2003-05-07 21:35:00	2003-05-07	277
576	2003-05-07 21:36:00	2003-05-07	23
577	2003-05-07 21:37:00	2003-05-07	85
578	2003-05-07 21:38:00	2003-05-07	8
579	2003-05-07 21:39:00	2003-05-07	15
580	2003-05-07 21:40:00	2003-05-07	0
581	2003-05-07 21:41:00	2003-05-07	76
582	2003-05-07 21:42:00	2003-05-07	85
583	2003-05-07 21:43:00	2003-05-07	91
584	2003-05-07 21:44:00	2003-05-07	91
585	2003-05-07 21:45:00	2003-05-07	0
586	2003-05-07 21:46:00	2003-05-07	0
587	2003-05-07 21:47:00	2003-05-07	29
588	2003-05-07 21:48:00	2003-05-07	0
589	2003-05-07 21:49:00	2003-05-07	0
590	2003-05-07 21:50:00	2003-05-07	88
591	2003-05-07 21:51:00	2003-05-07	76
592	2003-05-07 21:52:00	2003-05-07	3
593	2003-05-07 21:53:00	2003-05-07	11
594	2003-05-07 21:54:00	2003-05-07	27
595	2003-05-07 21:55:00	2003-05-07	23
596	2003-05-07 21:56:00	2003-05-07	0
597	2003-05-07 21:57:00	2003-05-07	0
598	2003-05-07 21:58:00	2003-05-07	5
599	2003-05-07 21:59:00	2003-05-07	0
600	2003-05-07 22:00:00	2003-05-07	0
601	2003-05-07 22:01:00	2003-05-07	35
602	2003-05-07 22:02:00	2003-05-07	184
603	2003-05-07 22:03:00	2003-05-07	0
604	2003-05-07 22:04:00	2003-05-07	3
605	2003-05-07 22:05:00	2003-05-07	0
606	2003-05-07 22:06:00	2003-05-07	3
607	2003-05-07 22:07:00	2003-05-07	0
608	2003-05-07 22:08:00	2003-05-07	0
609	2003-05-07 22:09:00	2003-05-07	0
610	2003-05-07 22:10:00	2003-05-07	41
611	2003-05-07 22:11:00	2003-05-07	361
612	2003-05-07 22:12:00	2003-05-07	37
613	2003-05-07 22:13:00	2003-05-07	37
614	2003-05-07 22:14:00	2003-05-07	0
615	2003-05-07 22:15:00	2003-05-07	14
616	2003-05-07 22:16:00	2003-05-07	88
617	2003-05-07 22:17:00	2003-05-07	0
618	2003-05-07 22:18:00	2003-05-07	0
619	2003-05-07 22:19:00	2003-05-07	0
620	2003-05-07 22:20:00	2003-05-07	18
621	2003-05-07 22:21:00	2003-05-07	29
622	2003-05-07 22:22:00	2003-05-07	0
623	2003-05-07 22:23:00	2003-05-07	6
624	2003-05-07 22:24:00	2003-05-07	3
625	2003-05-07 22:25:00	2003-05-07	67
626	2003-05-07 22:26:00	2003-05-07	49
627	2003-05-07 22:27:00	2003-05-07	47
628	2003-05-07 22:28:00	2003-05-07	43
629	2003-05-07 22:29:00	2003-05-07	107
630	2003-05-07 22:30:00	2003-05-07	160
631	2003-05-07 22:31:00	2003-05-07	24
632	2003-05-07 22:32:00	2003-05-07	0
633	2003-05-07 22:33:00	2003-05-07	14
634	2003-05-07 22:34:00	2003-05-07	3
635	2003-05-07 22:35:00	2003-05-07	9
636	2003-05-07 22:36:00	2003-05-07	15
637	2003-05-07 22:37:00	2003-05-07	11
638	2003-05-07 22:38:00	2003-05-07	0
639	2003-05-07 22:39:00	2003-05-07	34
640	2003-05-07 22:40:00	2003-05-07	0
641	2003-05-07 22:41:00	2003-05-07	44
642	2003-05-07 22:42:00	2003-05-07	0
643	2003-05-07 22:43:00	2003-05-07	0
644	2003-05-07 22:44:00	2003-05-07	107
645	2003-05-07 22:45:00	2003-05-07	64
646	2003-05-07 22:46:00	2003-05-07	125
647	2003-05-07 22:47:00	2003-05-07	49
648	2003-05-07 22:48:00	2003-05-07	20
649	2003-05-07 22:49:00	2003-05-07	0
650	2003-05-07 22:50:00	2003-05-07	52
651	2003-05-07 22:51:00	2003-05-07	0
652	2003-05-07 22:52:00	2003-05-07	24
653	2003-05-07 22:53:00	2003-05-07	3
654	2003-05-07 22:54:00	2003-05-07	0
655	2003-05-07 22:55:00	2003-05-07	0
656	2003-05-07 22:56:00	2003-05-07	0
657	2003-05-07 22:57:00	2003-05-07	0
658	2003-05-07 22:58:00	2003-05-07	0
659	2003-05-07 22:59:00	2003-05-07	17
660	2003-05-07 23:00:00	2003-05-07	0
661	2003-05-07 23:01:00	2003-05-07	40
662	2003-05-07 23:02:00	2003-05-07	0
663	2003-05-07 23:03:00	2003-05-07	0
664	2003-05-07 23:04:00	2003-05-07	8
665	2003-05-07 23:05:00	2003-05-07	286
666	2003-05-07 23:06:00	2003-05-07	242
667	2003-05-07 23:07:00	2003-05-07	27
668	2003-05-07 23:08:00	2003-05-07	0
669	2003-05-07 23:09:00	2003-05-07	70
670	2003-05-07 23:10:00	2003-05-07	61
671	2003-05-07 23:11:00	2003-05-07	125
672	2003-05-07 23:12:00	2003-05-07	0
673	2003-05-07 23:13:00	2003-05-07	0
674	2003-05-07 23:14:00	2003-05-07	0
675	2003-05-07 23:15:00	2003-05-07	0
676	2003-05-07 23:16:00	2003-05-07	0
677	2003-05-07 23:17:00	2003-05-07	0
678	2003-05-07 23:18:00	2003-05-07	15
679	2003-05-07 23:19:00	2003-05-07	120
680	2003-05-07 23:20:00	2003-05-07	0
681	2003-05-07 23:21:00	2003-05-07	0
682	2003-05-07 23:22:00	2003-05-07	0
683	2003-05-07 23:23:00	2003-05-07	58
684	2003-05-07 23:24:00	2003-05-07	689
685	2003-05-07 23:25:00	2003-05-07	2284
686	2003-05-07 23:26:00	2003-05-07	626
687	2003-05-07 23:27:00	2003-05-07	120
688	2003-05-07 23:28:00	2003-05-07	250
689	2003-05-07 23:29:00	2003-05-07	166
690	2003-05-07 23:30:00	2003-05-07	568
691	2003-05-07 23:31:00	2003-05-07	373
692	2003-05-07 23:32:00	2003-05-07	517
693	2003-05-07 23:33:00	2003-05-07	948
694	2003-05-07 23:34:00	2003-05-07	890
695	2003-05-07 23:35:00	2003-05-07	386
696	2003-05-07 23:36:00	2003-05-07	0
697	2003-05-07 23:37:00	2003-05-07	0
698	2003-05-07 23:38:00	2003-05-07	55
699	2003-05-07 23:39:00	2003-05-07	0
700	2003-05-07 23:40:00	2003-05-07	0
701	2003-05-07 23:41:00	2003-05-07	0
702	2003-05-07 23:42:00	2003-05-07	0
703	2003-05-07 23:43:00	2003-05-07	0
704	2003-05-07 23:44:00	2003-05-07	0
705	2003-05-07 23:45:00	2003-05-07	0
706	2003-05-07 23:46:00	2003-05-07	0
707	2003-05-07 23:47:00	2003-05-07	0
708	2003-05-07 23:48:00	2003-05-07	0
709	2003-05-07 23:49:00	2003-05-07	0
710	2003-05-07 23:50:00	2003-05-07	0
711	2003-05-07 23:51:00	2003-05-07	0
712	2003-05-07 23:52:00	2003-05-07	0
713	2003-05-07 23:53:00	2003-05-07	0
714	2003-05-07 23:54:00	2003-05-07	0
715	2003-05-07 23:55:00	2003-05-07	0
716	2003-05-07 23:56:00	2003-05-07	0
717	2003-05-07 23:57:00	2003-05-07	0
718	2003-05-07 23:58:00	2003-05-07	0
719	2003-05-07 23:59:00	2003-05-07	0
